 lyrNum , LyrType,      Fr,      Fc,     Grp,   strdX,   strdY,multiCoreMode,    Pool,  pooKer, pooStrd,enableBias,      Ni,      No,     InW,     InH,    outW,    outH,procTime(us),LayerCycles,kernelOnlyCycles,coreLoopCycles,LayerSetupCycles,dmaPipeupCycles,   IOcyles,inVol(KB),outVol(KB),wtVol(KB), srcMem-IN, dstMem-IN,srcMem-OUT,dstMem-OUT, srcMem-WT, dstMem-WT,MSMCBW-R(M),MSMCBW-W(M),DDRBW-R(M),DDRBW-W(M),dataFlow,utilization,
       1,TIDL_DataConvertLayer,       1,       1,       1,       1,       1,       0,       0,       0,       1,         0,       3,       3,     512,     512,     512,     512,  119.52,119520.00,35029.80,102370.00, 5500.00,11650.00,102320.00,768.00,768.00,  0.00,       DDR,        L2,      NONE,      MSMC,       DDR,      MSMC,    0.00,    0.79,    0.79,    0.00,       2,    0.36,
       2,TIDL_BatchNormLayer,       1,       1,       1,       1,       1,       0,       0,       0,       1,         0,       3,       3,     512,     512,     512,     512,  154.20,154202.00,58492.80,143912.00, 7000.00, 3290.00,143862.00,768.00,768.00,  0.00,      MSMC,        L2,      MSMC,       DDR,       DDR,      MSMC,    1.58,    0.79,    0.00,    0.79,       2,    0.36,
       3,TIDL_ConvolutionLayer,       3,       3,       1,       2,       2,       0,       0,       0,       1,         1,       3,      32,     512,     512,     256,     256,  508.59,508593.51,485193.51,485243.51, 8600.00,14750.00,403623.33,768.00,2048.00,  1.12,       DDR,        L2,      MSMC,       DDR,       DDR,      MSMC,    2.10,    2.11,    0.79,    2.10,       0,   15.12,
       4,TIDL_ConvolutionLayer,       3,       3,      32,       1,       1,       0,       0,       0,       1,         1,      32,      32,     256,     256,     256,     256,  626.08,626076.66,77434.95,607159.99, 5100.00,13816.67,607109.99,2048.00,2048.00,  0.25,       DDR,        L2,      MSMC,       DDR,       DDR,      MSMC,    2.10,    0.03,    2.10,    2.10,       2,    3.61,
       5,TIDL_ConvolutionLayer,       1,       1,       1,       1,       1,       0,       0,       0,       1,         1,      32,      16,     256,     256,     256,     256,  478.16,478163.32,252949.41,457346.66, 8600.00,12216.67,457296.66,2048.00,1024.00,  0.62,       DDR,        L2,      MSMC,       DDR,       DDR,      MSMC,    1.06,    1.05,    2.12,    1.06,       1,    8.08,
       6,TIDL_ConvolutionLayer,       1,       1,       1,       1,       1,       0,       0,       0,       1,         1,      16,      96,     256,     256,     256,     256, 1078.01,1078009.98,734728.52,1057593.31, 8600.00,11816.67,1057543.31,1024.00,6144.00,  2.12,       DDR,        L2,      MSMC,       DDR,       DDR,      MSMC,    6.29,    6.33,    1.05,    6.29,       1,   10.79,
       7,TIDL_ConvolutionLayer,       3,       3,      96,       2,       2,       0,       0,       0,       1,         1,      96,      96,     256,     256,     128,     128, 1244.74,1244743.31,458142.32,1221026.65, 5100.00,18616.67,1220976.65,6144.00,1536.00,  0.62,       DDR,        L2,      MSMC,       DDR,       DDR,      MSMC,    1.57,    0.10,    6.32,    1.57,       2,    1.45,
       8,TIDL_ConvolutionLayer,       1,       1,       1,       1,       1,       0,       0,       0,       1,         1,      96,      24,     128,     128,     128,     128,  244.01,244010.00,188020.80,221160.00, 7100.00,15750.00,221110.00,1536.00,384.00,  2.50,       DDR,        L2,      NONE,      MSMC,       DDR,      MSMC,    0.00,    0.40,    1.62,    0.00,       1,   17.87,
       9,TIDL_ConvolutionLayer,       1,       1,       1,       1,       1,       0,       0,       0,       1,         1,      24,     144,     128,     128,     128,     128,  374.14,374144.66,306741.60,356154.66, 8600.00, 9390.00,356104.66,384.00,2304.00,  4.25,      MSMC,        L2,      MSMC,       DDR,       DDR,      MSMC,    2.75,    2.41,    0.00,    2.36,       1,   18.42,
      10,TIDL_ConvolutionLayer,       3,       3,     144,       1,       1,       0,       0,       0,       1,         1,     144,     144,     128,     128,     128,     128,  719.04,719036.65,87569.05,684253.32, 5100.00,29683.33,684203.32,2304.00,2304.00,  0.88,       DDR,        L2,      MSMC,       DDR,       DDR,      MSMC,    2.36,    0.16,    2.36,    2.36,       2,    3.61,
      11,TIDL_ConvolutionLayer,       1,       1,       1,       1,       1,       0,       0,       0,       1,         1,     144,      24,     128,     128,     128,     128,  367.94,367939.99,312555.10,345289.99, 7100.00,15550.00,345239.99,2304.00,384.00,  3.62,       DDR,        L2,      NONE,      MSMC,       DDR,      MSMC,    0.00,    0.41,    2.47,    0.00,       1,   18.05,
      12,TIDL_EltWiseLayer,       1,       1,       1,       1,       1,       0,       0,       0,       1,         0,      48,      24,     128,     128,     128,     128,   40.75,40746.00,16932.80,29832.67, 7000.00, 3913.33,29782.67,768.00,384.00,  0.00,      MSMC,        L2,      NONE,      MSMC,       DDR,      MSMC,    0.79,    0.39,    0.00,    0.00,       2,    0.32,
      13,TIDL_ConvolutionLayer,       1,       1,       1,       1,       1,       0,       0,       0,       1,         1,      24,     144,     128,     128,     128,     128,  374.14,374144.66,306741.60,356154.66, 8600.00, 9390.00,356104.66,384.00,2304.00,  4.25,      MSMC,        L2,      MSMC,       DDR,       DDR,      MSMC,    2.75,    2.41,    0.00,    2.36,       1,   18.42,
      14,TIDL_ConvolutionLayer,       3,       3,     144,       2,       2,       0,       0,       0,       1,         1,     144,     144,     128,     128,      64,      64,  367.19,367189.99,122143.58,329639.99, 3600.00,33950.00,329589.99,2304.00,576.00,  0.88,       DDR,        L2,      NONE,      MSMC,       DDR,      MSMC,    0.00,    0.16,    2.36,    0.00,       2,    1.79,
      15,TIDL_ConvolutionLayer,       1,       1,       1,       1,       1,       0,       0,       0,       1,         1,     144,      32,      64,      64,      64,      64,   91.91,91912.84,78039.50,78089.50, 7100.00, 6723.33,20610.00,576.00,128.00,  4.75,      MSMC,        L2,      NONE,      MSMC,       DDR,      MSMC,    0.62,    0.15,    0.00,    0.00,       1,   39.26,
      16,TIDL_ConvolutionLayer,       1,       1,       1,       1,       1,       0,       0,       0,       1,         1,      32,     192,      64,      64,      64,      64,  112.90,112902.51,91491.40,91541.40, 7100.00,14261.11, 1032.22,128.00,768.00,  7.12,      MSMC,        L2,      NONE,      MSMC,       DDR,      MSMC,    0.13,    0.86,    0.00,    0.00,       1,   41.09,
      17,TIDL_ConvolutionLayer,       3,       3,     192,       1,       1,       0,       0,       0,       1,         1,     192,     192,      64,      64,      64,      64,   73.33,73330.44,40969.26,41211.56, 3600.00,28518.89,41161.56,768.00,768.00,  1.12,      MSMC,        L2,      NONE,      MSMC,       DDR,      MSMC,    0.79,    0.21,    0.00,    0.00,       2,   12.25,
      18,TIDL_ConvolutionLayer,       1,       1,       1,       1,       1,       0,       0,       0,       1,         1,     192,      32,      64,      64,      64,      64,  107.92,107918.93,94045.60,94095.60, 7100.00, 6723.33,29440.67,768.00,128.00,  6.25,      MSMC,        L2,      NONE,      MSMC,       DDR,      MSMC,    0.84,    0.15,    0.00,    0.00,       1,   40.57,
      19,TIDL_EltWiseLayer,       1,       1,       1,       1,       1,       0,       0,       0,       1,         0,      64,      32,      64,      64,      64,      64,   18.83,18834.89, 5962.80, 9059.33, 7000.00, 2775.56, 9009.33,256.00,128.00,  0.00,      MSMC,        L2,      NONE,      MSMC,       DDR,      MSMC,    0.26,    0.13,    0.00,    0.00,       2,    0.27,
      20,TIDL_ConvolutionLayer,       1,       1,       1,       1,       1,       0,       0,       0,       1,         1,      32,     192,      64,      64,      64,      64,  112.90,112902.51,91491.40,91541.40, 7100.00,14261.11, 1032.22,128.00,768.00,  7.12,      MSMC,        L2,      NONE,      MSMC,       DDR,      MSMC,    0.13,    0.86,    0.00,    0.00,       1,   41.09,
      21,TIDL_ConvolutionLayer,       3,       3,     192,       1,       1,       0,       0,       0,       1,         1,     192,     192,      64,      64,      64,      64,   73.33,73330.44,40969.26,41211.56, 3600.00,28518.89,41161.56,768.00,768.00,  1.12,      MSMC,        L2,      NONE,      MSMC,       DDR,      MSMC,    0.79,    0.21,    0.00,    0.00,       2,   12.25,
      22,TIDL_ConvolutionLayer,       1,       1,       1,       1,       1,       0,       0,       0,       1,         1,     192,      32,      64,      64,      64,      64,  107.92,107918.93,94045.60,94095.60, 7100.00, 6723.33,29440.67,768.00,128.00,  6.25,      MSMC,        L2,      NONE,      MSMC,       DDR,      MSMC,    0.84,    0.15,    0.00,    0.00,       1,   40.57,
      23,TIDL_EltWiseLayer,       1,       1,       1,       1,       1,       0,       0,       0,       1,         0,      64,      32,      64,      64,      64,      64,   18.83,18834.89, 5962.80, 9059.33, 7000.00, 2775.56, 9009.33,256.00,128.00,  0.00,      MSMC,        L2,      NONE,      MSMC,       DDR,      MSMC,    0.26,    0.13,    0.00,    0.00,       2,    0.27,
      24,TIDL_ConvolutionLayer,       1,       1,       1,       1,       1,       0,       0,       0,       1,         1,      32,     192,      64,      64,      64,      64,  112.90,112902.51,91491.40,91541.40, 7100.00,14261.11, 1032.22,128.00,768.00,  7.12,      MSMC,        L2,      NONE,      MSMC,       DDR,      MSMC,    0.13,    0.86,    0.00,    0.00,       1,   41.09,
      25,TIDL_ConvolutionLayer,       3,       3,     192,       2,       2,       0,       0,       0,       1,         1,     192,     192,      64,      64,      32,      32,   75.32,75323.65,40310.32,40360.32, 3600.00,31363.33,28032.67,768.00,192.00,  1.12,      MSMC,        L2,      NONE,      MSMC,       DDR,      MSMC,    0.79,    0.21,    0.00,    0.00,       2,    3.06,
      26,TIDL_ConvolutionLayer,       1,       1,       1,       1,       1,       0,       0,       0,       1,         1,     192,      64,      32,      32,      32,      32,   62.13,62125.27,46118.60,46168.60, 7100.00, 8856.67, 4004.67,192.00, 64.00, 12.38,      MSMC,        L2,      NONE,      MSMC,       DDR,      MSMC,    0.21,    0.10,    0.00,    0.00,       1,   56.36,
      27,TIDL_ConvolutionLayer,       1,       1,       1,       1,       1,       0,       0,       0,       1,         1,      64,     384,      32,      32,      32,      32,  120.41,120414.86,91039.30,91089.30, 7100.00,22225.55,    0.00, 64.00,384.00, 26.25,      MSMC,        L2,      NONE,      MSMC,       DDR,      MSMC,    0.07,    0.54,    0.00,    0.00,       1,   65.34,
      28,TIDL_ConvolutionLayer,       3,       3,     384,       1,       1,       0,       0,       0,       1,         1,     384,     384,      32,      32,      32,      32,  116.63,116628.12,57685.90,57735.90, 3600.00,55292.22,38612.22,384.00,384.00,  2.25,      MSMC,        L2,      NONE,      MSMC,       DDR,      MSMC,    0.39,    0.42,    0.00,    0.00,       2,    5.70,
      29,TIDL_ConvolutionLayer,       1,       1,       1,       1,       1,       0,       0,       0,       1,         1,     384,      64,      32,      32,      32,      32,  110.27,110270.54,92237.20,92287.20, 7100.00,10883.33,12952.67,384.00, 64.00, 24.38,      MSMC,        L2,      NONE,      MSMC,       DDR,      MSMC,    0.44,    0.11,    0.00,    0.00,       1,   65.48,
      30,TIDL_EltWiseLayer,       1,       1,       1,       1,       1,       0,       0,       0,       1,         0,     128,      64,      32,      32,      32,      32,   12.83,12828.67, 2981.40, 3053.11, 7000.00, 2775.56, 3003.11,128.00, 64.00,  0.00,      MSMC,        L2,      NONE,      MSMC,       DDR,      MSMC,    0.13,    0.07,    0.00,    0.00,       2,    0.21,
      31,TIDL_ConvolutionLayer,       1,       1,       1,       1,       1,       0,       0,       0,       1,         1,      64,     384,      32,      32,      32,      32,  120.41,120414.86,91039.30,91089.30, 7100.00,22225.55,    0.00, 64.00,384.00, 26.25,      MSMC,        L2,      NONE,      MSMC,       DDR,      MSMC,    0.07,    0.54,    0.00,    0.00,       1,   65.34,
      32,TIDL_ConvolutionLayer,       3,       3,     384,       1,       1,       0,       0,       0,       1,         1,     384,     384,      32,      32,      32,      32,  116.63,116628.12,57685.90,57735.90, 3600.00,55292.22,38612.22,384.00,384.00,  2.25,      MSMC,        L2,      NONE,      MSMC,       DDR,      MSMC,    0.39,    0.42,    0.00,    0.00,       2,    5.70,
      33,TIDL_ConvolutionLayer,       1,       1,       1,       1,       1,       0,       0,       0,       1,         1,     384,      64,      32,      32,      32,      32,  106.02,106020.54,92237.20,92287.20, 6300.00, 7433.33,12952.67,384.00, 64.00, 24.38,      MSMC,        L2,      NONE,      MSMC,       DDR,      MSMC,    0.44,    0.09,    0.00,    0.00,       1,   65.48,
      34,TIDL_EltWiseLayer,       1,       1,       1,       1,       1,       0,       0,       0,       1,         0,     128,      64,      32,      32,      32,      32,   12.83,12828.67, 2981.40, 3053.11, 7000.00, 2775.56, 3003.11,128.00, 64.00,  0.00,      MSMC,        L2,      NONE,      MSMC,       DDR,      MSMC,    0.13,    0.07,    0.00,    0.00,       2,    0.21,
      35,TIDL_ConvolutionLayer,       1,       1,       1,       1,       1,       0,       0,       0,       1,         1,      64,     384,      32,      32,      32,      32,  120.41,120414.86,91039.30,91089.30, 7100.00,22225.55,    0.00, 64.00,384.00, 26.25,      MSMC,        L2,      NONE,      MSMC,       DDR,      MSMC,    0.07,    0.54,    0.00,    0.00,       1,   65.34,
      36,TIDL_ConvolutionLayer,       3,       3,     384,       1,       1,       0,       0,       0,       1,         1,     384,     384,      32,      32,      32,      32,  116.63,116628.12,57685.90,57735.90, 3600.00,55292.22,38612.22,384.00,384.00,  2.25,      MSMC,        L2,      NONE,      MSMC,       DDR,      MSMC,    0.39,    0.42,    0.00,    0.00,       2,    5.70,
      37,TIDL_ConvolutionLayer,       1,       1,       1,       1,       1,       0,       0,       0,       1,         1,     384,      64,      32,      32,      32,      32,  110.27,110270.54,92237.20,92287.20, 7100.00,10883.33,12952.67,384.00, 64.00, 24.38,      MSMC,        L2,      NONE,      MSMC,       DDR,      MSMC,    0.44,    0.11,    0.00,    0.00,       1,   65.48,
      38,TIDL_EltWiseLayer,       1,       1,       1,       1,       1,       0,       0,       0,       1,         0,     128,      64,      32,      32,      32,      32,   12.83,12828.67, 2981.40, 3053.11, 7000.00, 2775.56, 3003.11,128.00, 64.00,  0.00,      MSMC,        L2,      NONE,      MSMC,       DDR,      MSMC,    0.13,    0.07,    0.00,    0.00,       2,    0.21,
      39,TIDL_ConvolutionLayer,       1,       1,       1,       1,       1,       0,       0,       0,       1,         1,      64,     384,      32,      32,      32,      32,  120.41,120414.86,91039.30,91089.30, 7100.00,22225.55,    0.00, 64.00,384.00, 26.25,      MSMC,        L2,      NONE,      MSMC,       DDR,      MSMC,    0.07,    0.54,    0.00,    0.00,       1,   65.34,
      40,TIDL_ConvolutionLayer,       3,       3,     384,       1,       1,       0,       0,       0,       1,         1,     384,     384,      32,      32,      32,      32,  116.63,116628.12,57685.90,57735.90, 3600.00,55292.22,38612.22,384.00,384.00,  2.25,      MSMC,        L2,      NONE,      MSMC,       DDR,      MSMC,    0.39,    0.42,    0.00,    0.00,       2,    5.70,
      41,TIDL_ConvolutionLayer,       1,       1,       1,       1,       1,       0,       0,       0,       1,         1,     384,      96,      32,      32,      32,      32,  158.42,158418.27,137451.61,137501.61, 7100.00,13816.67,12952.67,384.00, 96.00, 36.62,      MSMC,        L2,      NONE,      MSMC,       DDR,      MSMC,    0.44,    0.17,    0.00,    0.00,       1,   72.87,
      42,TIDL_ConvolutionLayer,       1,       1,       1,       1,       1,       0,       0,       0,       1,         1,      96,     576,      32,      32,      32,      32,  248.83,248830.24,203916.91,203966.91, 7100.00,37763.33,    0.00, 96.00,576.00, 57.38,      MSMC,        L2,      NONE,      MSMC,       DDR,      MSMC,    0.10,    0.85,    0.00,    0.00,       1,   76.80,
      43,TIDL_ConvolutionLayer,       3,       3,     576,       1,       1,       0,       0,       0,       1,         1,     576,     576,      32,      32,      32,      32,  194.50,194498.43,108356.21,108406.21, 3600.00,82492.22,58121.56,576.00,576.00,  3.38,      MSMC,        L2,      NONE,      MSMC,       DDR,      MSMC,    0.59,    0.63,    0.00,    0.00,       2,    4.77,
      44,TIDL_ConvolutionLayer,       1,       1,       1,       1,       1,       0,       0,       0,       1,         1,     576,      96,      32,      32,      32,      32,  229.69,229688.30,206748.30,206798.30, 7100.00,15790.00,24028.00,576.00, 96.00, 54.62,      MSMC,        L2,      NONE,      MSMC,       DDR,      MSMC,    0.70,    0.18,    0.00,    0.00,       1,   75.64,
      45,TIDL_EltWiseLayer,       1,       1,       1,       1,       1,       0,       0,       0,       1,         0,     192,      96,      32,      32,      32,      32,   15.22,15218.00, 4233.20, 4304.67, 7000.00, 3913.33, 4254.67,192.00, 96.00,  0.00,      MSMC,        L2,      NONE,      MSMC,       DDR,      MSMC,    0.20,    0.10,    0.00,    0.00,       2,    0.25,
      46,TIDL_ConvolutionLayer,       1,       1,       1,       1,       1,       0,       0,       0,       1,         1,      96,     576,      32,      32,      32,      32,  248.83,248830.24,203916.91,203966.91, 7100.00,37763.33,    0.00, 96.00,576.00, 57.38,      MSMC,        L2,      NONE,      MSMC,       DDR,      MSMC,    0.10,    0.85,    0.00,    0.00,       1,   76.80,
      47,TIDL_ConvolutionLayer,       3,       3,     576,       1,       1,       0,       0,       0,       1,         1,     576,     576,      32,      32,      32,      32,  194.50,194498.43,108356.21,108406.21, 3600.00,82492.22,58121.56,576.00,576.00,  3.38,      MSMC,        L2,      NONE,      MSMC,       DDR,      MSMC,    0.59,    0.63,    0.00,    0.00,       2,    4.77,
      48,TIDL_ConvolutionLayer,       1,       1,       1,       1,       1,       0,       0,       0,       1,         1,     576,      96,      32,      32,      32,      32,  229.69,229688.30,206748.30,206798.30, 7100.00,15790.00,24028.00,576.00, 96.00, 54.62,      MSMC,        L2,      NONE,      MSMC,       DDR,      MSMC,    0.70,    0.18,    0.00,    0.00,       1,   75.64,
      49,TIDL_EltWiseLayer,       1,       1,       1,       1,       1,       0,       0,       0,       1,         0,     192,      96,      32,      32,      32,      32,   15.22,15218.00, 4233.20, 4304.67, 7000.00, 3913.33, 4254.67,192.00, 96.00,  0.00,      MSMC,        L2,      NONE,      MSMC,       DDR,      MSMC,    0.20,    0.10,    0.00,    0.00,       2,    0.25,
      51,TIDL_ConvolutionLayer,       3,       3,      96,       1,       1,       0,       0,       0,       1,         1,      96,      96,      32,      32,      32,      32,   27.49,27490.44, 8964.63, 9398.22, 3600.00,14492.22, 9348.22, 96.00, 96.00,  0.62,      MSMC,        L2,      NONE,      MSMC,       DDR,      MSMC,    0.10,    0.10,    0.00,    0.00,       2,    6.06,
      54,TIDL_ConvolutionLayer,       1,       1,       1,       1,       1,       0,       0,       0,       1,         1,      96,      16,      32,      32,      32,      32,   35.15,35154.07,23467.40,23517.40, 7100.00, 4536.67, 2127.33, 96.00, 32.00,  3.12,      MSMC,        L2,      NONE,      MSMC,       DDR,      MSMC,    0.10,    0.05,    0.00,    0.00,       1,   11.56,
      52,TIDL_ConvolutionLayer,       3,       3,      96,       1,       1,       0,       0,       0,       1,         1,      96,      96,      32,      32,      32,      32,   27.49,27490.44, 8964.63, 9398.22, 3600.00,14492.22, 9348.22, 96.00, 96.00,  0.62,      MSMC,        L2,      NONE,      MSMC,       DDR,      MSMC,    0.10,    0.10,    0.00,    0.00,       2,    6.06,
      55,TIDL_ConvolutionLayer,       1,       1,       1,       1,       1,       0,       0,       0,       1,         1,      96,      56,      32,      32,      32,      32,  107.54,107536.73,91183.40,91233.40, 7100.00, 9203.33, 2127.33, 96.00,112.00, 11.00,      MSMC,        L2,      NONE,      MSMC,       DDR,      MSMC,    0.10,    0.16,    0.00,    0.00,       1,   15.93,
      50,TIDL_ConvolutionLayer,       1,       1,       1,       1,       1,       0,       0,       0,       1,         1,      96,     576,      32,      32,      32,      32,  248.83,248830.24,203916.91,203966.91, 7100.00,37763.33,    0.00, 96.00,576.00, 57.38,      MSMC,        L2,      NONE,      MSMC,       DDR,      MSMC,    0.10,    0.85,    0.00,    0.00,       1,   76.80,
      53,TIDL_ConvolutionLayer,       3,       3,     576,       2,       2,       0,       0,       0,       1,         1,     576,     576,      32,      32,      16,      16,  148.71,148711.33,59298.00,59348.00, 3600.00,85763.33,20023.33,576.00,144.00,  3.38,      MSMC,        L2,      NONE,      MSMC,       DDR,      MSMC,    0.59,    0.63,    0.00,    0.00,       2,    2.08,
      56,TIDL_ConvolutionLayer,       1,       1,       1,       1,       1,       0,       0,       0,       1,         1,     576,     160,      16,      16,      16,      16,  116.19,116186.87,85780.20,85830.20, 7100.00,23256.67, 3066.00,144.00, 40.00, 91.00,      MSMC,        L2,      NONE,      MSMC,       DDR,      MSMC,    0.18,    0.18,    0.00,    0.00,       1,   53.92,
      57,TIDL_ConvolutionLayer,       1,       1,       1,       1,       1,       0,       0,       0,       1,         1,     160,     960,      16,      16,      16,      16,  215.76,215762.33,142440.11,142490.11, 7100.00,66172.22,    0.00, 40.00,240.00,155.62,      MSMC,        L2,      NONE,      MSMC,       DDR,      MSMC,    0.04,    0.74,    0.00,    0.00,       1,   56.87,
      58,TIDL_ConvolutionLayer,       3,       3,     960,       1,       1,       0,       0,       0,       1,         1,     960,     960,      16,      16,      16,      16,  159.93,159930.28,16685.84,16735.84, 3600.00,139594.44, 6757.78,240.00,240.00,  5.62,      MSMC,        L2,      NONE,      MSMC,       DDR,      MSMC,    0.25,    1.04,    0.00,    0.00,       2,    9.58,
      59,TIDL_ConvolutionLayer,       1,       1,       1,       1,       1,       0,       0,       0,       1,         1,     960,     160,      16,      16,      16,      16,  181.58,181583.64,142750.30,142800.30, 7100.00,31683.33, 7540.00,240.00, 40.00,151.00,      MSMC,        L2,      NONE,      MSMC,       DDR,      MSMC,    0.31,    0.25,    0.00,    0.00,       1,   57.29,
      60,TIDL_EltWiseLayer,       1,       1,       1,       1,       1,       0,       0,       0,       1,         0,     320,     160,      16,      16,      16,      16,   11.04,11036.67, 2053.00, 2114.44, 7000.00, 1922.22, 2064.44, 80.00, 40.00,  0.00,      MSMC,        L2,      NONE,      MSMC,       DDR,      MSMC,    0.08,    0.04,    0.00,    0.00,       2,    0.17,
      61,TIDL_ConvolutionLayer,       1,       1,       1,       1,       1,       0,       0,       0,       1,         1,     160,     960,      16,      16,      16,      16,  215.76,215762.33,142440.11,142490.11, 7100.00,66172.22,    0.00, 40.00,240.00,155.62,      MSMC,        L2,      NONE,      MSMC,       DDR,      MSMC,    0.04,    0.74,    0.00,    0.00,       1,   56.87,
      62,TIDL_ConvolutionLayer,       3,       3,     960,       1,       1,       0,       0,       0,       1,         1,     960,     960,      16,      16,      16,      16,  159.93,159930.28,16685.84,16735.84, 3600.00,139594.44, 6757.78,240.00,240.00,  5.62,      MSMC,        L2,      NONE,      MSMC,       DDR,      MSMC,    0.25,    1.04,    0.00,    0.00,       2,    9.58,
      63,TIDL_ConvolutionLayer,       1,       1,       1,       1,       1,       0,       0,       0,       1,         1,     960,     160,      16,      16,      16,      16,  181.58,181583.64,142750.30,142800.30, 7100.00,31683.33, 7540.00,240.00, 40.00,151.00,      MSMC,        L2,      NONE,      MSMC,       DDR,      MSMC,    0.31,    0.25,    0.00,    0.00,       1,   57.29,
      64,TIDL_EltWiseLayer,       1,       1,       1,       1,       1,       0,       0,       0,       1,         0,     320,     160,      16,      16,      16,      16,   11.04,11036.67, 2053.00, 2114.44, 7000.00, 1922.22, 2064.44, 80.00, 40.00,  0.00,      MSMC,        L2,      NONE,      MSMC,       DDR,      MSMC,    0.08,    0.04,    0.00,    0.00,       2,    0.17,
      65,TIDL_ConvolutionLayer,       1,       1,       1,       1,       1,       0,       0,       0,       1,         1,     160,     960,      16,      16,      16,      16,  215.76,215762.33,142440.11,142490.11, 7100.00,66172.22,    0.00, 40.00,240.00,155.62,      MSMC,        L2,      NONE,      MSMC,       DDR,      MSMC,    0.04,    0.74,    0.00,    0.00,       1,   56.87,
      66,TIDL_ConvolutionLayer,       3,       3,     960,       1,       1,       0,       0,       0,       1,         1,     960,     960,      16,      16,      16,      16,  159.93,159930.28,16685.84,16735.84, 3600.00,139594.44, 6757.78,240.00,240.00,  5.62,      MSMC,        L2,      NONE,      MSMC,       DDR,      MSMC,    0.25,    1.04,    0.00,    0.00,       2,    9.58,
      67,TIDL_ConvolutionLayer,       1,       1,       1,       1,       1,       0,       0,       0,       1,         1,     960,     320,      16,      16,      16,      16,  349.64,349644.30,284144.30,284194.30, 7100.00,58350.00, 7540.00,240.00, 80.00,301.88,      MSMC,        L2,      NONE,      MSMC,       DDR,      MSMC,    0.31,    0.49,    0.00,    0.00,       1,   60.22,
      69,TIDL_ConvolutionLayer,       3,       3,     320,       1,       1,       0,       0,       0,       1,         1,     320,     320,      16,      16,      16,      16,   58.13,58133.41, 5555.63, 5605.63, 3600.00,48927.78,    0.00, 80.00, 80.00,  1.88,      MSMC,        L2,      NONE,      MSMC,       DDR,      MSMC,    0.08,    0.35,    0.00,    0.00,       2,    6.37,
      72,TIDL_ConvolutionLayer,       1,       1,       1,       1,       1,       0,       0,       0,       1,         1,     320,      24,      16,      16,      16,      16,   52.56,52561.93,38528.60,38578.60, 7100.00, 6883.33, 1814.44, 80.00, 12.00, 15.25,      MSMC,        L2,      NONE,      MSMC,       DDR,      MSMC,    0.10,    0.04,    0.00,    0.00,       1,   10.09,
      68,TIDL_ConvolutionLayer,       3,       3,     320,       2,       2,       0,       0,       0,       1,         1,     320,     320,      16,      16,       8,       8,   68.91,68912.36,16334.58,16384.58, 3600.00,48927.78,    0.00, 80.00, 20.00,  1.88,      MSMC,        L2,      NONE,      MSMC,       DDR,      MSMC,    0.08,    0.35,    0.00,    0.00,       2,    0.84,
      71,TIDL_ConvolutionLayer,       1,       1,       1,       1,       1,       0,       0,       0,       1,         1,     320,     512,       8,       8,       8,       8,   89.91,89909.78,38632.00,38682.00, 7100.00,44127.78,    0.00, 20.00, 32.00,163.00,      MSMC,        L2,      NONE,      MSMC,       DDR,      MSMC,    0.02,    0.36,    0.00,    0.00,       1,   25.16,
      75,TIDL_ConvolutionLayer,       3,       3,     512,       1,       1,       0,       0,       0,       1,         1,     512,     512,       8,       8,       8,       8,   82.55,82548.85, 4477.74, 4527.74, 3600.00,74421.11,    0.00, 32.00, 32.00,  3.00,      MSMC,        L2,      NONE,      MSMC,       DDR,      MSMC,    0.03,    0.56,    0.00,    0.00,       2,    2.80,
      78,TIDL_ConvolutionLayer,       1,       1,       1,       1,       1,       0,       0,       0,       1,         1,     512,      24,       8,       8,       8,       8,   29.75,29747.78,15510.00,15560.00, 7100.00, 7087.78,    0.00, 32.00,  3.00, 24.25,      MSMC,        L2,      NONE,      MSMC,       DDR,      MSMC,    0.03,    0.04,    0.00,    0.00,       1,    5.64,
      74,TIDL_ConvolutionLayer,       3,       3,     512,       2,       2,       0,       0,       0,       1,         1,     512,     512,       8,       8,       4,       4,   91.17,91172.00,13100.89,13150.89, 3600.00,74421.11,    0.00, 32.00,  8.00,  3.00,      MSMC,        L2,      NONE,      MSMC,       DDR,      MSMC,    0.03,    0.56,    0.00,    0.00,       2,    0.39,
      77,TIDL_ConvolutionLayer,       1,       1,       1,       1,       1,       0,       0,       0,       1,         1,     512,     256,       4,       4,       4,       4,   53.70,53696.09,15787.20,15837.20, 7100.00,30758.89,    0.00,  8.00,  4.00,129.50,      MSMC,        L2,      NONE,      MSMC,       DDR,      MSMC,    0.07,    0.22,    0.00,    0.00,       1,    6.33,
      81,TIDL_ConvolutionLayer,       3,       3,     256,       1,       1,       0,       0,       0,       1,         1,     256,     256,       4,       4,       4,       4,   43.05,43048.50, 1244.05, 1294.05, 3600.00,38154.44,    0.00,  4.00,  4.00,  1.50,      MSMC,        L2,      NONE,      MSMC,       DDR,      MSMC,    0.03,    0.28,    0.00,    0.00,       2,    0.51,
      84,TIDL_ConvolutionLayer,       1,       1,       1,       1,       1,       0,       0,       0,       1,         1,     256,      24,       4,       4,       4,       4,   15.01,15006.08, 2368.30, 2418.30, 7100.00, 5487.78,    0.00,  4.00,  0.75, 12.25,      MSMC,        L2,      NONE,      MSMC,       DDR,      MSMC,    0.03,    0.03,    0.00,    0.00,       1,    1.10,
      80,TIDL_ConvolutionLayer,       3,       3,     256,       2,       2,       0,       0,       0,       1,         1,     256,     256,       4,       4,       2,       2,   45.20,45204.29, 3399.84, 3449.84, 3600.00,38154.44,    0.00,  4.00,  1.00,  1.50,      MSMC,        L2,      NONE,      MSMC,       DDR,      MSMC,    0.03,    0.28,    0.00,    0.00,       2,    0.10,
      83,TIDL_ConvolutionLayer,       1,       1,       1,       1,       1,       0,       0,       0,       1,         1,     256,     256,       2,       2,       2,       2,   38.22,38221.94, 8277.50, 8327.50, 7100.00,22794.44,    0.00,  1.00,  1.00, 65.50,      MSMC,        L2,      NONE,      MSMC,       DDR,      MSMC,    0.08,    0.15,    0.00,    0.00,       1,    1.34,
      86,TIDL_ConvolutionLayer,       3,       3,     256,       2,       2,       0,       0,       0,       1,         1,     256,     256,       2,       2,       1,       1,   45.29,45294.11, 1783.00, 1833.00, 3600.00,39861.11,    0.00,  1.00,  0.25,  1.50,      MSMC,        L2,      NONE,      MSMC,       DDR,      MSMC,    0.08,    0.28,    0.00,    0.00,       2,    0.03,
      89,TIDL_ConvolutionLayer,       1,       1,       1,       1,       1,       0,       0,       0,       1,         1,     256,     256,       1,       1,       1,       1,   38.22,38221.94, 8277.50, 8327.50, 7100.00,22794.44,    0.00,  0.25,  0.25, 65.50,      MSMC,        L2,      NONE,      MSMC,       DDR,      MSMC,    0.08,    0.15,    0.00,    0.00,       1,    0.34,
      92,TIDL_ConvolutionLayer,       3,       3,     256,       1,       1,       0,       0,       0,       1,         1,     256,     256,       1,       1,       1,       1,   43.95,43946.74,  435.63,  485.63, 3600.00,39861.11,    0.00,  0.25,  0.25,  1.50,      MSMC,        L2,      NONE,      MSMC,       DDR,      MSMC,    0.08,    0.28,    0.00,    0.00,       2,    0.04,
      94,TIDL_ConvolutionLayer,       1,       1,       1,       1,       1,       0,       0,       0,       1,         1,     256,      16,       1,       1,       1,       1,   14.55,14552.44, 1408.00, 1458.00, 7100.00, 5994.44,    0.00,  0.25,  0.12,  8.12,      MSMC,        L2,      NONE,      MSMC,       DDR,      MSMC,    0.08,    0.02,    0.00,    0.00,       1,    0.05,
      93,TIDL_ConvolutionLayer,       3,       3,     256,       1,       1,       0,       0,       0,       1,         1,     256,     256,       1,       1,       1,       1,   43.95,43946.74,  435.63,  485.63, 3600.00,39861.11,    0.00,  0.25,  0.25,  1.50,      MSMC,        L2,      NONE,      MSMC,       DDR,      MSMC,    0.08,    0.28,    0.00,    0.00,       2,    0.04,
      95,TIDL_ConvolutionLayer,       1,       1,       1,       1,       1,       0,       0,       0,       1,         1,     256,      56,       1,       1,       1,       1,   23.43,23434.44, 4290.00, 4340.00, 7100.00,11994.44,    0.00,  0.25,  0.12, 28.50,      MSMC,        L2,      NONE,      MSMC,       DDR,      MSMC,    0.08,    0.06,    0.00,    0.00,       1,    0.12,
      87,TIDL_ConvolutionLayer,       3,       3,     256,       1,       1,       0,       0,       0,       1,         1,     256,     256,       2,       2,       2,       2,   44.22,44216.22,  705.11,  755.11, 3600.00,39861.11,    0.00,  1.00,  1.00,  1.50,      MSMC,        L2,      NONE,      MSMC,       DDR,      MSMC,    0.08,    0.28,    0.00,    0.00,       2,    0.14,
      90,TIDL_ConvolutionLayer,       1,       1,       1,       1,       1,       0,       0,       0,       1,         1,     256,      24,       2,       2,       2,       2,   16.71,16712.74, 2368.30, 2418.30, 7100.00, 7194.44,    0.00,  1.00,  0.25, 12.25,      MSMC,        L2,      NONE,      MSMC,       DDR,      MSMC,    0.08,    0.03,    0.00,    0.00,       1,    0.28,
      88,TIDL_ConvolutionLayer,       3,       3,     256,       1,       1,       0,       0,       0,       1,         1,     256,     256,       2,       2,       2,       2,   44.22,44216.22,  705.11,  755.11, 3600.00,39861.11,    0.00,  1.00,  1.00,  1.50,      MSMC,        L2,      NONE,      MSMC,       DDR,      MSMC,    0.08,    0.28,    0.00,    0.00,       2,    0.14,
      91,TIDL_ConvolutionLayer,       1,       1,       1,       1,       1,       0,       0,       0,       1,         1,     256,      84,       2,       2,       2,       2,   29.56,29556.14, 6211.70, 6261.70, 7100.00,16194.44,    0.00,  1.00,  0.75, 42.75,      MSMC,        L2,      NONE,      MSMC,       DDR,      MSMC,    0.08,    0.10,    0.00,    0.00,       1,    0.58,
      82,TIDL_ConvolutionLayer,       3,       3,     256,       1,       1,       0,       0,       0,       1,         1,     256,     256,       4,       4,       4,       4,   43.05,43048.50, 1244.05, 1294.05, 3600.00,38154.44,    0.00,  4.00,  4.00,  1.50,      MSMC,        L2,      NONE,      MSMC,       DDR,      MSMC,    0.03,    0.28,    0.00,    0.00,       2,    0.51,
      85,TIDL_ConvolutionLayer,       1,       1,       1,       1,       1,       0,       0,       0,       1,         1,     256,      84,       4,       4,       4,       4,   27.85,27849.48, 6211.70, 6261.70, 7100.00,14487.78,    0.00,  4.00,  2.62, 42.75,      MSMC,        L2,      NONE,      MSMC,       DDR,      MSMC,    0.03,    0.10,    0.00,    0.00,       1,    2.27,
      76,TIDL_ConvolutionLayer,       3,       3,     512,       1,       1,       0,       0,       0,       1,         1,     512,     512,       8,       8,       8,       8,   82.55,82548.85, 4477.74, 4527.74, 3600.00,74421.11,    0.00, 32.00, 32.00,  3.00,      MSMC,        L2,      NONE,      MSMC,       DDR,      MSMC,    0.03,    0.56,    0.00,    0.00,       2,    2.80,
      79,TIDL_ConvolutionLayer,       1,       1,       1,       1,       1,       0,       0,       0,       1,         1,     512,      84,       8,       8,       8,       8,   72.87,72873.48,45635.70,45685.70, 7100.00,20087.78,    0.00, 32.00, 10.50, 84.75,      MSMC,        L2,      NONE,      MSMC,       DDR,      MSMC,    0.03,    0.15,    0.00,    0.00,       1,    8.89,
      70,TIDL_ConvolutionLayer,       3,       3,     320,       1,       1,       0,       0,       0,       1,         1,     320,     320,      16,      16,      16,      16,   58.13,58133.41, 5555.63, 5605.63, 3600.00,48927.78,    0.00, 80.00, 80.00,  1.88,      MSMC,        L2,      NONE,      MSMC,       DDR,      MSMC,    0.08,    0.35,    0.00,    0.00,       2,    6.37,
      73,TIDL_ConvolutionLayer,       1,       1,       1,       1,       1,       0,       0,       0,       1,         1,     320,      84,      16,      16,      16,      16,  137.83,137832.74,113799.40,113849.40, 7100.00,16883.33, 1814.44, 80.00, 42.00, 53.25,      MSMC,        L2,      NONE,      MSMC,       DDR,      MSMC,    0.10,    0.15,    0.00,    0.00,       1,   14.66,
      96,TIDL_DetectionOutputLayer,       1,       1,       1,       1,       1,       0,       0,       0,       1,         0,      16,       1,      32,      32,    1405,       1, 2006.00,2006000.00,    0.00,2000000.00,    0.00,    0.00,2000000.00, 32.00,  5.50,  0.00,      MSMC,        L2,      NONE,      MSMC,       DDR,      MSMC,    0.03,    0.01,    0.00,    0.00,       2,    0.00,
      97,TIDL_OdOutputReformatLayer,       1,       1,       1,       1,       1,       0,       0,       0,       1,         0,       1,       1,    1405,       1,       5,     200,    6.52, 6520.83,   91.45,  520.83,    0.00,    0.00,  520.83,  5.50,  4.00,  0.00,      MSMC,        L2,      MSMC,       DDR,       DDR,      MSMC,    0.01,    0.00,    0.00,    0.00,       2,    0.01,
      98,TIDL_OdOutputReformatLayer,       1,       1,       1,       1,       1,       0,       0,       0,       1,         0,       1,       1,    1405,       1,     200,       1,    6.38, 6381.94,   78.29,  381.94,    0.00,    0.00,  381.94,  5.50,  0.88,  0.00,      MSMC,        L2,      MSMC,       DDR,       DDR,      MSMC,    0.01,    0.00,    0.00,    0.00,       2,    0.00,
-------------------------Network summary-----------------------
Release version = TI_NETWORK_COMPILER_11.00.00
Total Network Cycles (mega)        =    16.54
total Network time (us)          = 16539.68
MSMC SRAM BW (Mega Bytes) : Read  =    41.33
MSMC SRAM BW (Mega Bytes) : Write =    44.63
MSMC SRAM BW (Mega Bytes) : Total =    85.96
DDR BW (Mega Bytes) : Read  =    41.09
DDR BW (Mega Bytes) : Write =    20.99
DDR BW (Mega Bytes) : Total =    62.08
---------------------------------------------------------------
*********   Configuration Parameters - For internal/debug use only *************
CPUFREQ_MHZ  = 1000
L2MEMSIZE_KB  =  224
MATPANELSIZE  =   32
LOOPSETUP_CYCLES  =   75
LAYERSETUP_CYCLES  = 6000
MMACORELOOP_OH  =  103
NUMCORES  =    1
CORE_START_IDX  =    0
MSMCSIZE_KB  = 1024
BUSWIDTH_L3_L2  = 1024
BUSWIDTH_DDR  =   32
DDRFREQ_MHZ  = 3200
NUMEMIF_PORTS  =    1
DDR_EFFICIENCY  = 0.60
MSMC_EFFICIENCY  = 0.90
L2_EFFICIENCY  = 0.95
BANKCONFLICTFACT  = 1.10
MSMC_READFACT  = 3.00
DATATYPE  =    0
INWIDTH  =  512
INHEIGHT  =  512
NUMCHANNELS  =    3
NUM_BIAS_INSTANCE  =    1
NUM_PANELSPLITS_VERTICAL  =    1
NUM_WRITEPORTS_L3  =    1
NUM_SE_READPORTS_L3  =    0
NUM_SE_READPORTS_L2  =    2
NUM_DRU_PORTS  =    1
BPANEL_WRITE_PORTS  =    1
NUM_LUT_WRITEMMA  =    0
BATCH_SIZE  =    1
